dataset,task_type,model,axis,n_test,signal_mean,signal_nonzero_rate,spearman_vs_abs_error
ames,classification,fp_primary,A,725,0.0,0.0,
ames,classification,fp_primary,B1_tautomer,725,0.016015341826774478,0.3213793103448276,0.08759061252927026
ames,classification,fp_primary,B1_protonation,725,0.013643532738385573,0.3489655172413793,0.09575179791141307
ames,classification,fp_primary,B3_stereo,725,0.004986137816915709,0.15172413793103448,0.01661294153134695
ames,classification,fp_primary,B_combined,725,0.0192104620809258,0.44275862068965516,0.09221475144345052
ames,classification,cb_regular,A,725,0.033726201312771924,0.9958620689655172,0.00020586376847429568
ames,classification,cb_regular,B1_tautomer,725,0.009166845598109397,0.3682758620689655,0.08380219765840928
ames,classification,cb_regular,B1_protonation,725,0.003959326219507642,0.26068965517241377,0.03469017342997275
ames,classification,cb_regular,B3_stereo,725,0.000970511146470503,0.07862068965517241,0.05461857298963175
ames,classification,cb_regular,B_combined,725,0.010384058741451662,0.3489655172413793,0.09444434284133728
ames,classification,cb_augmented,A,725,0.04550205537315031,0.9958620689655172,0.4436085999317902
ames,classification,cb_augmented,B1_tautomer,725,0.017581215229328984,0.3696551724137931,0.15040077919080047
ames,classification,cb_augmented,B1_protonation,725,0.007720435826931869,0.2579310344827586,0.058883772991714614
ames,classification,cb_augmented,B3_stereo,725,0.0020053241441132107,0.08413793103448276,0.10033489542166212
ames,classification,cb_augmented,B_combined,725,0.01685437322968357,0.35724137931034483,0.14114656230267691
bbb_martins,classification,fp_primary,A,195,0.0,0.0,
bbb_martins,classification,fp_primary,B1_tautomer,195,0.028274364770146842,0.4153846153846154,0.08784017992033046
bbb_martins,classification,fp_primary,B1_protonation,195,0.02560111892385674,0.5794871794871795,0.1663397893494825
bbb_martins,classification,fp_primary,B3_stereo,195,0.008702494868212882,0.28717948717948716,0.06746548358191021
bbb_martins,classification,fp_primary,B_combined,195,0.03597933445339595,0.6974358974358974,0.17030648355200081
bbb_martins,classification,cb_regular,A,195,0.013538423242946183,1.0,0.25580119438735044
bbb_martins,classification,cb_regular,B1_tautomer,195,0.003106189112301204,0.4205128205128205,0.3883125664513441
bbb_martins,classification,cb_regular,B1_protonation,195,0.0008489683448842745,0.1794871794871795,0.39765282108998495
bbb_martins,classification,cb_regular,B3_stereo,195,0.0002947834415894888,0.08717948717948718,0.143923575462305
bbb_martins,classification,cb_regular,B_combined,195,0.00244495678227751,0.38974358974358975,0.4356074412236736
bbb_martins,classification,cb_augmented,A,195,0.03761564506734487,1.0,0.6132920099046755
bbb_martins,classification,cb_augmented,B1_tautomer,195,0.009700698384395101,0.4307692307692308,0.40469009486501406
bbb_martins,classification,cb_augmented,B1_protonation,195,0.0024042794013693445,0.18974358974358974,0.3902119949268675
bbb_martins,classification,cb_augmented,B3_stereo,195,0.0011081152330743634,0.11282051282051282,0.13627765149582105
bbb_martins,classification,cb_augmented,B_combined,195,0.008932196683042458,0.38974358974358975,0.4826340081651005
bioavailability_ma,classification,fp_primary,A,63,0.0,0.0,
bioavailability_ma,classification,fp_primary,B1_tautomer,63,0.016520424720491006,0.4444444444444444,0.2108849448845999
bioavailability_ma,classification,fp_primary,B1_protonation,63,0.017758279906100422,0.6507936507936508,-0.004954818512991877
bioavailability_ma,classification,fp_primary,B3_stereo,63,0.01672281169000129,0.49206349206349204,0.2176561856836723
bioavailability_ma,classification,fp_primary,B_combined,63,0.02329803486223089,0.746031746031746,0.06613974091072922
bioavailability_ma,classification,cb_regular,A,63,0.005600948856893083,1.0,-0.07339669738863287
bioavailability_ma,classification,cb_regular,B1_tautomer,63,0.0019356279567942472,0.42857142857142855,0.0476067404083661
bioavailability_ma,classification,cb_regular,B1_protonation,63,0.0006234018057788698,0.2857142857142857,-0.16918585274587894
bioavailability_ma,classification,cb_regular,B3_stereo,63,0.0002227186466034881,0.1111111111111111,0.34816856629510273
bioavailability_ma,classification,cb_regular,B_combined,63,0.0014628163093503837,0.47619047619047616,0.07936490895040242
bioavailability_ma,classification,cb_augmented,A,63,0.029755343039844836,1.0,0.23593509984639016
bioavailability_ma,classification,cb_augmented,B1_tautomer,63,0.0025872232924844343,0.42857142857142855,0.15210739417228655
bioavailability_ma,classification,cb_augmented,B1_protonation,63,0.0011420332871150283,0.2857142857142857,0.03925593451612565
bioavailability_ma,classification,cb_augmented,B3_stereo,63,0.0003185260810364528,0.1111111111111111,0.3549867757424484
bioavailability_ma,classification,cb_augmented,B_combined,63,0.0027218514481016664,0.47619047619047616,0.1322748482506707
caco2_wang,regression,fp_primary,A,90,0.0,0.0,
caco2_wang,regression,fp_primary,B1_tautomer,90,0.06881746944899303,0.5111111111111111,-0.05389343239015111
caco2_wang,regression,fp_primary,B1_protonation,90,0.07976781705631396,0.7444444444444445,0.007329701721870246
caco2_wang,regression,fp_primary,B3_stereo,90,0.04124969363502894,0.4666666666666667,0.011439353072658089
caco2_wang,regression,fp_primary,B_combined,90,0.09637103534436066,0.8,-0.008785158091176215
caco2_wang,regression,cb_regular,A,90,0.012690643738628363,1.0,-0.02615137671317446
caco2_wang,regression,cb_regular,B1_tautomer,90,0.004841351240130976,0.4888888888888889,-0.0062871809555798686
caco2_wang,regression,cb_regular,B1_protonation,90,0.0032109251353810587,0.35555555555555557,-0.016255073468769168
caco2_wang,regression,cb_regular,B3_stereo,90,0.0006669851778641159,0.17777777777777778,-0.02619650591132537
caco2_wang,regression,cb_regular,B_combined,90,0.004821501379165206,0.5444444444444444,-0.042170337649648025
caco2_wang,regression,cb_augmented,A,90,0.03123269186230715,1.0,0.22459562909001107
caco2_wang,regression,cb_augmented,B1_tautomer,90,0.011724748090115476,0.4888888888888889,-0.07197097861809361
caco2_wang,regression,cb_augmented,B1_protonation,90,0.007610685701229647,0.35555555555555557,0.0052131655740076275
caco2_wang,regression,cb_augmented,B3_stereo,90,0.0010938946530388355,0.17777777777777778,-0.015895758183816954
caco2_wang,regression,cb_augmented,B_combined,90,0.013574100016015335,0.5444444444444444,-0.03782787416244325
clearance_hepatocyte_az,regression,fp_primary,A,101,0.0,0.0,
clearance_hepatocyte_az,regression,fp_primary,B1_tautomer,101,2.413017050079094,0.5445544554455446,-0.1523090468141778
clearance_hepatocyte_az,regression,fp_primary,B1_protonation,101,3.9719580164386556,0.7920792079207921,-0.16412733079817535
clearance_hepatocyte_az,regression,fp_primary,B3_stereo,101,0.7012320521485613,0.36633663366336633,-0.23235528790579077
clearance_hepatocyte_az,regression,fp_primary,B_combined,101,4.149498868784748,0.8118811881188119,-0.16207651408957385
clearance_hepatocyte_az,regression,cb_regular,A,101,0.6197424325477513,1.0,-0.07334886429819452
clearance_hepatocyte_az,regression,cb_regular,B1_tautomer,101,0.35402523932207813,0.5643564356435643,-0.15484759594004138
clearance_hepatocyte_az,regression,cb_regular,B1_protonation,101,0.09584488183287955,0.38613861386138615,-0.1073463642145735
clearance_hepatocyte_az,regression,cb_regular,B3_stereo,101,0.006283150974255995,0.06930693069306931,0.10111550941014386
clearance_hepatocyte_az,regression,cb_regular,B_combined,101,0.33024311068737355,0.6237623762376238,-0.08899369188222875
clearance_hepatocyte_az,regression,cb_augmented,A,101,1.838115041299136,1.0,-0.23501456027955733
clearance_hepatocyte_az,regression,cb_augmented,B1_tautomer,101,0.42383540851820833,0.5544554455445545,-0.1476200332410828
clearance_hepatocyte_az,regression,cb_augmented,B1_protonation,101,0.15631251389740491,0.40594059405940597,-0.11801007478386658
clearance_hepatocyte_az,regression,cb_augmented,B3_stereo,101,0.01665429365769363,0.06930693069306931,0.037872017718634465
clearance_hepatocyte_az,regression,cb_augmented,B_combined,101,0.38721024165990037,0.6336633663366337,-0.14148097058906
clearance_microsome_az,regression,fp_primary,A,110,0.0,0.0,
clearance_microsome_az,regression,fp_primary,B1_tautomer,110,5.59986207997455,0.5818181818181818,0.01866509838447916
clearance_microsome_az,regression,fp_primary,B1_protonation,110,6.089986996818978,0.8636363636363636,0.2736860921660666
clearance_microsome_az,regression,fp_primary,B3_stereo,110,1.090201670312942,0.2636363636363636,-0.0010062569444452439
clearance_microsome_az,regression,fp_primary,B_combined,110,7.473636506017411,0.8909090909090909,0.28362631763195373
clearance_microsome_az,regression,cb_regular,A,110,0.8167907167823278,1.0,-0.062254581520636565
clearance_microsome_az,regression,cb_regular,B1_tautomer,110,0.2956966426935547,0.5818181818181818,0.012615096600046878
clearance_microsome_az,regression,cb_regular,B1_protonation,110,0.07510680806305324,0.2818181818181818,0.08201496197769173
clearance_microsome_az,regression,cb_regular,B3_stereo,110,0.005374655670159746,0.045454545454545456,0.0800290974118118
clearance_microsome_az,regression,cb_regular,B_combined,110,0.21045357314592927,0.5363636363636364,0.09438169472643283
clearance_microsome_az,regression,cb_augmented,A,110,1.2465192821080509,1.0,0.22400198363501117
clearance_microsome_az,regression,cb_augmented,B1_tautomer,110,0.5356749534544213,0.6,0.02986455438721198
clearance_microsome_az,regression,cb_augmented,B1_protonation,110,0.08811652705176566,0.3,0.020083719171427657
clearance_microsome_az,regression,cb_augmented,B3_stereo,110,0.011917825960319331,0.045454545454545456,0.10820853299180984
clearance_microsome_az,regression,cb_augmented,B_combined,110,0.34604504916002726,0.5454545454545454,0.1147168779238034
cyp2c9_substrate_carbonmangels,classification,fp_primary,A,66,0.0,0.0,
cyp2c9_substrate_carbonmangels,classification,fp_primary,B1_tautomer,66,0.026808494098868266,0.48484848484848486,0.19322719986118533
cyp2c9_substrate_carbonmangels,classification,fp_primary,B1_protonation,66,0.025042123455588594,0.6212121212121212,0.32912710220427627
cyp2c9_substrate_carbonmangels,classification,fp_primary,B3_stereo,66,0.01123189601236148,0.42424242424242425,0.08560373960289999
cyp2c9_substrate_carbonmangels,classification,fp_primary,B_combined,66,0.03415863697858921,0.6666666666666666,0.31735017055659853
cyp2c9_substrate_carbonmangels,classification,cb_regular,A,66,0.0062570624424728065,1.0,0.028034651915248933
cyp2c9_substrate_carbonmangels,classification,cb_regular,B1_tautomer,66,0.002602375364583259,0.48484848484848486,0.1524070833459227
cyp2c9_substrate_carbonmangels,classification,cb_regular,B1_protonation,66,0.0005513423047519544,0.30303030303030304,0.33436915529077926
cyp2c9_substrate_carbonmangels,classification,cb_regular,B3_stereo,66,0.00019451571223918346,0.10606060606060606,-0.040893071010945234
cyp2c9_substrate_carbonmangels,classification,cb_regular,B_combined,66,0.002238893575426262,0.48484848484848486,0.1235162358838271
cyp2c9_substrate_carbonmangels,classification,cb_augmented,A,66,0.047677559632397254,1.0,0.05137250808892601
cyp2c9_substrate_carbonmangels,classification,cb_augmented,B1_tautomer,66,0.004496782344694666,0.48484848484848486,0.06553234995873475
cyp2c9_substrate_carbonmangels,classification,cb_augmented,B1_protonation,66,0.0010770509557559381,0.2878787878787879,0.2932419433035486
cyp2c9_substrate_carbonmangels,classification,cb_augmented,B3_stereo,66,0.00040311840242701814,0.09090909090909091,-0.02097008931863946
cyp2c9_substrate_carbonmangels,classification,cb_augmented,B_combined,66,0.0039598125466478945,0.48484848484848486,0.09848948310561986
cyp2c9_veith,classification,fp_primary,A,1204,0.0,0.0,
cyp2c9_veith,classification,fp_primary,B1_tautomer,1204,0.029267019421458065,0.5191029900332226,0.08002366039148073
cyp2c9_veith,classification,fp_primary,B1_protonation,1204,0.034428628662831744,0.707641196013289,0.08629356242042643
cyp2c9_veith,classification,fp_primary,B3_stereo,1204,0.008573218603933029,0.2549833887043189,-0.10935486499159403
cyp2c9_veith,classification,fp_primary,B_combined,1204,0.043822937442925806,0.8023255813953488,0.1753903333178401
cyp2c9_veith,classification,cb_regular,A,1204,0.07807380084833536,0.9991694352159468,0.5302572685612721
cyp2c9_veith,classification,cb_regular,B1_tautomer,1204,0.025508637366002545,0.5697674418604651,0.14387195633462702
cyp2c9_veith,classification,cb_regular,B1_protonation,1204,0.004678935970829465,0.2616279069767442,0.01910263716804211
cyp2c9_veith,classification,cb_regular,B3_stereo,1204,0.002351706528312658,0.1644518272425249,-0.03444676437965991
cyp2c9_veith,classification,cb_regular,B_combined,1204,0.01857283600306839,0.5074750830564784,0.0980086605796382
cyp2c9_veith,classification,cb_augmented,A,1204,0.05234069503461576,0.9991694352159468,0.5404711176679519
cyp2c9_veith,classification,cb_augmented,B1_tautomer,1204,0.03134272463759098,0.5714285714285714,0.13831683440419124
cyp2c9_veith,classification,cb_augmented,B1_protonation,1204,0.00565814680091926,0.2591362126245847,0.034344883312604574
cyp2c9_veith,classification,cb_augmented,B3_stereo,1204,0.003938542418880424,0.1669435215946844,-0.010997176137671547
cyp2c9_veith,classification,cb_augmented,B_combined,1204,0.02435017781982212,0.5083056478405316,0.10249548678778622
cyp2d6_substrate_carbonmangels,classification,fp_primary,A,66,0.0,0.0,
cyp2d6_substrate_carbonmangels,classification,fp_primary,B1_tautomer,66,0.016317609871552556,0.5,-0.07848374682450422
cyp2d6_substrate_carbonmangels,classification,fp_primary,B1_protonation,66,0.018298905563555512,0.5606060606060606,0.10107334596663554
cyp2d6_substrate_carbonmangels,classification,fp_primary,B3_stereo,66,0.011640673782266712,0.5,-0.11883023936323146
cyp2d6_substrate_carbonmangels,classification,fp_primary,B_combined,66,0.02636336308542689,0.7575757575757576,-0.052352947627414124
cyp2d6_substrate_carbonmangels,classification,cb_regular,A,66,0.004462576803024707,0.9848484848484849,-0.2492641686671538
cyp2d6_substrate_carbonmangels,classification,cb_regular,B1_tautomer,66,0.001996834479977764,0.48484848484848486,-0.05420965390827115
cyp2d6_substrate_carbonmangels,classification,cb_regular,B1_protonation,66,0.0002573531269681777,0.18181818181818182,-0.2029511233213771
cyp2d6_substrate_carbonmangels,classification,cb_regular,B3_stereo,66,0.00016809041076645159,0.13636363636363635,-0.19087756111788462
cyp2d6_substrate_carbonmangels,classification,cb_regular,B_combined,66,0.0014267373209466275,0.4393939393939394,-0.17098676237850755
cyp2d6_substrate_carbonmangels,classification,cb_augmented,A,66,0.028099137990518157,0.9848484848484849,-0.0995929443690638
cyp2d6_substrate_carbonmangels,classification,cb_augmented,B1_tautomer,66,0.00295091325478721,0.5303030303030303,-0.05081877638999194
cyp2d6_substrate_carbonmangels,classification,cb_augmented,B1_protonation,66,0.000574235150224972,0.19696969696969696,-0.10591182065644464
cyp2d6_substrate_carbonmangels,classification,cb_augmented,B3_stereo,66,0.00028059041451677734,0.19696969696969696,-0.31333456446503793
cyp2d6_substrate_carbonmangels,classification,cb_augmented,B_combined,66,0.00255212230343234,0.4393939393939394,-0.15530243528474263
cyp2d6_veith,classification,fp_primary,A,1308,0.0,0.0,
cyp2d6_veith,classification,fp_primary,B1_tautomer,1308,0.02374808644414842,0.5573394495412844,0.06434097593565104
cyp2d6_veith,classification,fp_primary,B1_protonation,1308,0.022993922604832434,0.6972477064220184,0.22429235825009056
cyp2d6_veith,classification,fp_primary,B3_stereo,1308,0.006286513003082474,0.2652905198776758,-0.08442810203114198
cyp2d6_veith,classification,fp_primary,B_combined,1308,0.029044212277930304,0.8081039755351682,0.23911042319958237
cyp2d6_veith,classification,cb_regular,A,1308,0.0414470280800631,1.0,0.7368059545805594
cyp2d6_veith,classification,cb_regular,B1_tautomer,1308,0.01679810341179213,0.6032110091743119,0.031377064467395764
cyp2d6_veith,classification,cb_regular,B1_protonation,1308,0.004273727117593916,0.26758409785932724,-0.056103841484423496
cyp2d6_veith,classification,cb_regular,B3_stereo,1308,0.00394696420979297,0.1735474006116208,-0.05361360873770862
cyp2d6_veith,classification,cb_regular,B_combined,1308,0.01180710616762436,0.536697247706422,0.0051082927237638635
cyp2d6_veith,classification,cb_augmented,A,1308,0.04199292923494423,1.0,0.7657896193965322
cyp2d6_veith,classification,cb_augmented,B1_tautomer,1308,0.024270069078466266,0.6016819571865444,0.044570945137557036
cyp2d6_veith,classification,cb_augmented,B1_protonation,1308,0.004850335439720328,0.27293577981651373,-0.026365914198317693
cyp2d6_veith,classification,cb_augmented,B3_stereo,1308,0.0038058536050997777,0.1743119266055046,-0.03559347075116677
cyp2d6_veith,classification,cb_augmented,B_combined,1308,0.015754466057448357,0.5374617737003058,0.021570737838973113
cyp3a4_substrate_carbonmangels,classification,fp_primary,A,66,0.0,0.0,
cyp3a4_substrate_carbonmangels,classification,fp_primary,B1_tautomer,66,0.016007611225865026,0.5151515151515151,-0.007473185229387789
cyp3a4_substrate_carbonmangels,classification,fp_primary,B1_protonation,66,0.016964563566900463,0.6212121212121212,0.014854463957181976
cyp3a4_substrate_carbonmangels,classification,fp_primary,B3_stereo,66,0.011429515284479549,0.4696969696969697,-0.1353442023223837
cyp3a4_substrate_carbonmangels,classification,fp_primary,B_combined,66,0.02169990519812744,0.7121212121212122,-0.05138329684593398
cyp3a4_substrate_carbonmangels,classification,cb_regular,A,66,0.004529382498420475,1.0,-0.014173885815676862
cyp3a4_substrate_carbonmangels,classification,cb_regular,B1_tautomer,66,0.0017440531604618946,0.5,-0.05960293538075799
cyp3a4_substrate_carbonmangels,classification,cb_regular,B1_protonation,66,0.0007021975570829433,0.30303030303030304,0.029797558281593087
cyp3a4_substrate_carbonmangels,classification,cb_regular,B3_stereo,66,8.415232050877365e-05,0.045454545454545456,0.09964781124584356
cyp3a4_substrate_carbonmangels,classification,cb_regular,B_combined,66,0.001558256284707567,0.4696969696969697,0.01803533343102154
cyp3a4_substrate_carbonmangels,classification,cb_augmented,A,66,0.009513206272735303,1.0,0.11779563719862228
cyp3a4_substrate_carbonmangels,classification,cb_augmented,B1_tautomer,66,0.0028042204292880743,0.5151515151515151,-0.0007317955862605253
cyp3a4_substrate_carbonmangels,classification,cb_augmented,B1_protonation,66,0.0012251607135252188,0.30303030303030304,0.15104102539808384
cyp3a4_substrate_carbonmangels,classification,cb_augmented,B3_stereo,66,7.939071844339058e-05,0.06060606060606061,-0.0737414739173839
cyp3a4_substrate_carbonmangels,classification,cb_augmented,B_combined,66,0.0019904986203015925,0.4696969696969697,0.042248390860372916
cyp3a4_veith,classification,fp_primary,A,1230,0.0,0.0,
cyp3a4_veith,classification,fp_primary,B1_tautomer,1230,0.03628811966372764,0.5382113821138211,0.13625264710096352
cyp3a4_veith,classification,fp_primary,B1_protonation,1230,0.039475117060837256,0.7089430894308943,0.09026578409843869
cyp3a4_veith,classification,fp_primary,B3_stereo,1230,0.00723966008777172,0.25121951219512195,-0.0428675387734511
cyp3a4_veith,classification,fp_primary,B_combined,1230,0.04846514822104582,0.7983739837398374,0.19262147836242538
cyp3a4_veith,classification,cb_regular,A,1230,0.06926398657859253,1.0,0.5268084360539342
cyp3a4_veith,classification,cb_regular,B1_tautomer,1230,0.0342905404630496,0.5845528455284553,0.18143326623975972
cyp3a4_veith,classification,cb_regular,B1_protonation,1230,0.006840371682706446,0.26504065040650404,-0.056646333447776615
cyp3a4_veith,classification,cb_regular,B3_stereo,1230,0.002262663903050531,0.16747967479674797,0.07110641497455068
cyp3a4_veith,classification,cb_regular,B_combined,1230,0.023805242376944803,0.5121951219512195,0.09216951565136527
cyp3a4_veith,classification,cb_augmented,A,1230,0.0552034309022226,1.0,0.5901375915848098
cyp3a4_veith,classification,cb_augmented,B1_tautomer,1230,0.04228640574594112,0.5967479674796748,0.18568929465113002
cyp3a4_veith,classification,cb_augmented,B1_protonation,1230,0.006217884021940246,0.26422764227642276,-0.06827660563736004
cyp3a4_veith,classification,cb_augmented,B3_stereo,1230,0.003551901469756506,0.17235772357723578,0.05518964684952481
cyp3a4_veith,classification,cb_augmented,B_combined,1230,0.027243204543385403,0.5113821138211382,0.09032137161892592
dili,classification,fp_primary,A,47,0.0,0.0,
dili,classification,fp_primary,B1_tautomer,47,0.02138732562014463,0.5106382978723404,-0.0032612206573693356
dili,classification,fp_primary,B1_protonation,47,0.01683226688924659,0.6382978723404256,-0.14027121018308847
dili,classification,fp_primary,B3_stereo,47,0.0,0.0,
dili,classification,fp_primary,B_combined,47,0.02892020667927524,0.7659574468085106,-0.027059025536282803
dili,classification,cb_regular,A,47,0.0043402679951669,0.9787234042553191,0.17368177613320998
dili,classification,cb_regular,B1_tautomer,47,0.0033826279201916113,0.5106382978723404,0.05722188399180097
dili,classification,cb_regular,B1_protonation,47,0.0011076584547778383,0.2978723404255319,-0.2552264498590071
dili,classification,cb_regular,B3_stereo,47,0.0,0.0,
dili,classification,cb_regular,B_combined,47,0.002833443287261861,0.6170212765957447,-0.08438207411757084
dili,classification,cb_augmented,A,47,0.007618253639343042,0.9787234042553191,0.4697039777983349
dili,classification,cb_augmented,B1_tautomer,47,0.002373651938459128,0.5106382978723404,-0.01538222687951639
dili,classification,cb_augmented,B1_protonation,47,0.0006838712915022494,0.2978723404255319,0.030026641159883193
dili,classification,cb_augmented,B3_stereo,47,0.0,0.0,
dili,classification,cb_augmented,B_combined,47,0.0026782599642433008,0.6170212765957447,-0.06230467672855901
half_life_obach,regression,fp_primary,A,66,0.0,0.0,
half_life_obach,regression,fp_primary,B1_tautomer,66,2.256315917556254,0.6515151515151515,0.22283568232226475
half_life_obach,regression,fp_primary,B1_protonation,66,1.7446414529437788,0.7424242424242424,0.24375070315321132
half_life_obach,regression,fp_primary,B3_stereo,66,1.7298145247240342,0.48484848484848486,0.01812979308080183
half_life_obach,regression,fp_primary,B_combined,66,2.645400444305893,0.8484848484848485,0.22345163680662763
half_life_obach,regression,cb_regular,A,66,1.1813294880059915,1.0,0.09337229934244862
half_life_obach,regression,cb_regular,B1_tautomer,66,0.64130271264606,0.6515151515151515,0.2660078294477805
half_life_obach,regression,cb_regular,B1_protonation,66,0.268175677740011,0.4090909090909091,0.10756779324357858
half_life_obach,regression,cb_regular,B3_stereo,66,0.07827950880883201,0.15151515151515152,0.2864526741724982
half_life_obach,regression,cb_regular,B_combined,66,0.5466999191434315,0.6666666666666666,0.18865732707731567
half_life_obach,regression,cb_augmented,A,66,1.2419293775552858,1.0,0.0067842605156038
half_life_obach,regression,cb_augmented,B1_tautomer,66,0.5867334689342025,0.6515151515151515,0.16985168357731348
half_life_obach,regression,cb_augmented,B1_protonation,66,0.2880659818066625,0.42424242424242425,0.03589834241411935
half_life_obach,regression,cb_augmented,B3_stereo,66,0.05805097802175031,0.16666666666666666,0.13786330460399607
half_life_obach,regression,cb_augmented,B_combined,66,0.47687574628848145,0.6666666666666666,0.10910175110830443
herg,classification,fp_primary,A,63,0.0,0.0,
herg,classification,fp_primary,B1_tautomer,63,0.011474870503862413,0.3968253968253968,-0.036998828545742234
herg,classification,fp_primary,B1_protonation,63,0.020539924068439533,0.7142857142857143,-0.04310907404896779
herg,classification,fp_primary,B3_stereo,63,0.005671541819997617,0.4126984126984127,-0.12118830846184117
herg,classification,fp_primary,B_combined,63,0.024352329773168202,0.746031746031746,0.05348228074057524
herg,classification,cb_regular,A,63,0.005739980783109414,1.0,0.08386136712749616
herg,classification,cb_regular,B1_tautomer,63,0.0015689009618871682,0.3968253968253968,0.12077591168455945
herg,classification,cb_regular,B1_protonation,63,0.0006190874571819022,0.23809523809523808,0.4151420609961811
herg,classification,cb_regular,B3_stereo,63,0.00016609207608494478,0.047619047619047616,0.019381666529873304
herg,classification,cb_regular,B_combined,63,0.0014824902018429186,0.38095238095238093,0.1871381598140044
herg,classification,cb_augmented,A,63,0.02907031439559294,1.0,-0.10560675883256529
herg,classification,cb_augmented,B1_tautomer,63,0.002499920767140492,0.3968253968253968,0.2692058670251876
herg,classification,cb_augmented,B1_protonation,63,0.0007560370781093781,0.23809523809523808,0.3270231934275537
herg,classification,cb_augmented,B3_stereo,63,0.0001442913426397488,0.047619047619047616,0.026470933817645752
herg,classification,cb_augmented,B_combined,63,0.0024240386588295832,0.38095238095238093,0.19279902044861305
hia_hou,classification,fp_primary,A,58,0.0,0.0,
hia_hou,classification,fp_primary,B1_tautomer,58,0.0202758634434249,0.5689655172413793,0.2735732184229962
hia_hou,classification,fp_primary,B1_protonation,58,0.019053994718518534,0.6724137931034483,0.16096483782934154
hia_hou,classification,fp_primary,B3_stereo,58,0.01629839956067539,0.46551724137931033,0.21360040965738877
hia_hou,classification,fp_primary,B_combined,58,0.022198133906039072,0.8275862068965517,0.24826984007240172
hia_hou,classification,cb_regular,A,58,0.004872028133313024,1.0,0.1871789350641361
hia_hou,classification,cb_regular,B1_tautomer,58,0.002166885963235113,0.5689655172413793,0.05673160642111961
hia_hou,classification,cb_regular,B1_protonation,58,0.001790652683967944,0.46551724137931033,0.20092615758305155
hia_hou,classification,cb_regular,B3_stereo,58,5.845140815771824e-05,0.10344827586206896,-0.0005819471393095448
hia_hou,classification,cb_regular,B_combined,58,0.0020382425096365474,0.5344827586206896,0.17526551325979262
hia_hou,classification,cb_augmented,A,58,0.018743682310097168,1.0,0.26875634439693624
hia_hou,classification,cb_augmented,B1_tautomer,58,0.004064193212339093,0.603448275862069,0.4365280571012009
hia_hou,classification,cb_augmented,B1_protonation,58,0.0011810777144574348,0.46551724137931033,0.32476323391812373
hia_hou,classification,cb_augmented,B3_stereo,58,0.00012352599384776803,0.13793103448275862,0.24858842790406294
hia_hou,classification,cb_augmented,B_combined,58,0.0026331480627032338,0.5344827586206896,0.3735948392028562
ld50_zhu,regression,fp_primary,A,734,0.0,0.0,
ld50_zhu,regression,fp_primary,B1_tautomer,734,0.0181244329764145,0.24659400544959129,-0.00198554935600585
ld50_zhu,regression,fp_primary,B1_protonation,734,0.02423335182935404,0.3569482288828338,-0.03434517313650325
ld50_zhu,regression,fp_primary,B3_stereo,734,0.0,0.0,
ld50_zhu,regression,fp_primary,B_combined,734,0.02912210255716866,0.4114441416893733,-0.009873682025767046
ld50_zhu,regression,cb_regular,A,734,0.10760892618937754,0.9945504087193461,0.032795945359335256
ld50_zhu,regression,cb_regular,B1_tautomer,734,0.010714911311182703,0.28746594005449594,0.015893878103691958
ld50_zhu,regression,cb_regular,B1_protonation,734,0.0037043361042242546,0.15940054495912806,0.02827002044771745
ld50_zhu,regression,cb_regular,B3_stereo,734,0.0,0.0,
ld50_zhu,regression,cb_regular,B_combined,734,0.009574701288860963,0.26975476839237056,0.0399241193139553
ld50_zhu,regression,cb_augmented,A,734,0.09370159245522602,0.9945504087193461,0.13838674971008735
ld50_zhu,regression,cb_augmented,B1_tautomer,734,0.01805462592113001,0.279291553133515,0.008288295956436974
ld50_zhu,regression,cb_augmented,B1_protonation,734,0.006166800351452967,0.16076294277929154,0.028201451492885887
ld50_zhu,regression,cb_augmented,B3_stereo,734,0.0,0.0,
ld50_zhu,regression,cb_augmented,B_combined,734,0.01592248022616837,0.2683923705722071,0.05590298663735692
lipophilicity_astrazeneca,regression,fp_primary,A,419,0.0,0.0,
lipophilicity_astrazeneca,regression,fp_primary,B1_tautomer,419,0.1503940775633626,0.5966587112171837,-0.11420469539812401
lipophilicity_astrazeneca,regression,fp_primary,B1_protonation,419,0.1743995361474495,0.8711217183770883,-0.056079723702393766
lipophilicity_astrazeneca,regression,fp_primary,B3_stereo,419,0.03564141989048668,0.22911694510739858,0.06129917245946233
lipophilicity_astrazeneca,regression,fp_primary,B_combined,419,0.20408574862490414,0.8878281622911695,-0.14294365331421288
lipophilicity_astrazeneca,regression,cb_regular,A,419,0.04073640887402902,1.0,-0.0335484512974778
lipophilicity_astrazeneca,regression,cb_regular,B1_tautomer,419,0.02918794125467401,0.5751789976133651,-0.08015445683135898
lipophilicity_astrazeneca,regression,cb_regular,B1_protonation,419,0.006815586480859099,0.36515513126491644,0.04660485280101407
lipophilicity_astrazeneca,regression,cb_regular,B3_stereo,419,0.0005234978476991632,0.05250596658711217,0.08611306477001003
lipophilicity_astrazeneca,regression,cb_regular,B_combined,419,0.024459223628700975,0.5584725536992841,-0.011389153084025699
lipophilicity_astrazeneca,regression,cb_augmented,A,419,0.14419299118220477,1.0,0.01369713065479929
lipophilicity_astrazeneca,regression,cb_augmented,B1_tautomer,419,0.10254588581030837,0.5871121718377088,-0.0291868278521282
lipophilicity_astrazeneca,regression,cb_augmented,B1_protonation,419,0.045635389718082245,0.3747016706443914,0.07748469925085517
lipophilicity_astrazeneca,regression,cb_augmented,B3_stereo,419,0.0022214527468424053,0.06443914081145585,0.03884851298078683
lipophilicity_astrazeneca,regression,cb_augmented,B_combined,419,0.10415140697730106,0.5656324582338902,0.030926111437246825
pgp_broccatelli,classification,fp_primary,A,121,0.0,0.0,
pgp_broccatelli,classification,fp_primary,B1_tautomer,121,0.012017655007523092,0.34710743801652894,0.04514490386491083
pgp_broccatelli,classification,fp_primary,B1_protonation,121,0.025113566173959347,0.5619834710743802,-0.09548697676051981
pgp_broccatelli,classification,fp_primary,B3_stereo,121,0.010047386935327217,0.5371900826446281,0.18392285915321854
pgp_broccatelli,classification,fp_primary,B_combined,121,0.024322028130029906,0.7520661157024794,-0.13336127013403173
pgp_broccatelli,classification,cb_regular,A,121,0.007142274194758757,1.0,-0.16084541390055546
pgp_broccatelli,classification,cb_regular,B1_tautomer,121,0.0022350206333073015,0.34710743801652894,-0.09408410423866075
pgp_broccatelli,classification,cb_regular,B1_protonation,121,0.00037236991014281685,0.2066115702479339,0.08001687117651592
pgp_broccatelli,classification,cb_regular,B3_stereo,121,0.0001565894110476512,0.12396694214876033,0.057480230096880185
pgp_broccatelli,classification,cb_regular,B_combined,121,0.001606634496426622,0.30578512396694213,-0.027237554890902058
pgp_broccatelli,classification,cb_augmented,A,121,0.02621480333170811,1.0,0.0598089689743937
pgp_broccatelli,classification,cb_augmented,B1_tautomer,121,0.005652504430435511,0.35537190082644626,0.03445423516377569
pgp_broccatelli,classification,cb_augmented,B1_protonation,121,0.003643412419734333,0.21487603305785125,0.025470149817656693
pgp_broccatelli,classification,cb_augmented,B3_stereo,121,0.0006716321038556068,0.1322314049586777,0.03415277745540492
pgp_broccatelli,classification,cb_augmented,B_combined,121,0.006224412108962312,0.30578512396694213,0.03684128422972164
ppbr_az,regression,fp_primary,A,179,0.0,0.0,
ppbr_az,regression,fp_primary,B1_tautomer,179,1.3770233428603296,0.6145251396648045,-0.09438775308567018
ppbr_az,regression,fp_primary,B1_protonation,179,1.633023749156968,0.8659217877094972,-0.08405490485908823
ppbr_az,regression,fp_primary,B3_stereo,179,0.3474669361491177,0.2849162011173184,0.05922167996315461
ppbr_az,regression,fp_primary,B_combined,179,1.7004472708464398,0.9050279329608939,-0.07410734024910778
ppbr_az,regression,cb_regular,A,179,0.4429475052877872,1.0,0.043887180130981515
ppbr_az,regression,cb_regular,B1_tautomer,179,0.14035362736165605,0.5810055865921788,-0.009916973136528113
ppbr_az,regression,cb_regular,B1_protonation,179,0.03805807256519644,0.3743016759776536,0.03143095783009938
ppbr_az,regression,cb_regular,B3_stereo,179,0.002678421972369367,0.0446927374301676,0.04525208735878668
ppbr_az,regression,cb_regular,B_combined,179,0.09175542357015956,0.5921787709497207,0.05077371939987972
ppbr_az,regression,cb_augmented,A,179,0.9536482079840499,1.0,0.007306509321448748
ppbr_az,regression,cb_augmented,B1_tautomer,179,0.2679872859311495,0.5977653631284916,-0.088852611432881
ppbr_az,regression,cb_augmented,B1_protonation,179,0.10285170706029577,0.3743016759776536,-0.005768241743813918
ppbr_az,regression,cb_augmented,B3_stereo,179,0.009679235831870822,0.061452513966480445,-0.004795515790979203
ppbr_az,regression,cb_augmented,B_combined,179,0.23085901957093907,0.6033519553072626,-0.04400042542791331
solubility_aqsoldb,regression,fp_primary,A,957,0.0,0.0,
solubility_aqsoldb,regression,fp_primary,B1_tautomer,957,0.11052213071359984,0.36990595611285265,-0.053033024683959686
solubility_aqsoldb,regression,fp_primary,B1_protonation,957,0.10207703014850307,0.3981191222570533,-0.06288726566797181
solubility_aqsoldb,regression,fp_primary,B3_stereo,957,0.0,0.0,
solubility_aqsoldb,regression,fp_primary,B_combined,957,0.12732059583632596,0.477533960292581,-0.07909859332315945
solubility_aqsoldb,regression,cb_regular,A,957,0.26328535727506946,0.9811912225705329,0.01731933368343037
solubility_aqsoldb,regression,cb_regular,B1_tautomer,957,0.0757455276523395,0.400208986415883,0.03450940983857857
solubility_aqsoldb,regression,cb_regular,B1_protonation,957,0.03999452405690907,0.27586206896551724,0.06417775257087818
solubility_aqsoldb,regression,cb_regular,B3_stereo,957,0.0,0.0,
solubility_aqsoldb,regression,cb_regular,B_combined,957,0.07158920832180081,0.3793103448275862,0.06629239758387441
solubility_aqsoldb,regression,cb_augmented,A,957,0.2635786693305893,0.9811912225705329,0.1442620871532825
solubility_aqsoldb,regression,cb_augmented,B1_tautomer,957,0.09936902746612625,0.3949843260188088,-0.03280151335033762
solubility_aqsoldb,regression,cb_augmented,B1_protonation,957,0.0395159427253412,0.26854754440961337,0.01892175771794171
solubility_aqsoldb,regression,cb_augmented,B3_stereo,957,0.0,0.0,
solubility_aqsoldb,regression,cb_augmented,B_combined,957,0.09427554063446976,0.37408568443051204,0.010181608226404553
vdss_lombardo,regression,fp_primary,A,111,0.0,0.0,
vdss_lombardo,regression,fp_primary,B1_tautomer,111,0.4572116430109072,0.6396396396396397,0.042084936477665244
vdss_lombardo,regression,fp_primary,B1_protonation,111,0.9492487781628128,0.7387387387387387,0.0948818694058141
vdss_lombardo,regression,fp_primary,B3_stereo,111,0.13303625587328066,0.11711711711711711,0.08536744814839281
vdss_lombardo,regression,fp_primary,B_combined,111,0.767890426016188,0.8558558558558559,0.19237212785855862
vdss_lombardo,regression,cb_regular,A,111,0.4705054586529555,1.0,0.002808002808002808
vdss_lombardo,regression,cb_regular,B1_tautomer,111,0.180496840403356,0.6576576576576577,-0.0039587423569527975
vdss_lombardo,regression,cb_regular,B1_protonation,111,0.07320469191145922,0.3783783783783784,-0.11931667099013422
vdss_lombardo,regression,cb_regular,B3_stereo,111,0.009984320415984203,0.08108108108108109,0.010742702302813288
vdss_lombardo,regression,cb_regular,B_combined,111,0.14213512699062106,0.5945945945945946,-0.02078118077147319
vdss_lombardo,regression,cb_augmented,A,111,0.5275677498803798,1.0,0.0015795015795015794
vdss_lombardo,regression,cb_augmented,B1_tautomer,111,0.2784381458842586,0.6666666666666666,0.05570913053131706
vdss_lombardo,regression,cb_augmented,B1_protonation,111,0.07355965262000382,0.36936936936936937,-0.04328797013933313
vdss_lombardo,regression,cb_augmented,B3_stereo,111,0.01591845364354984,0.08108108108108109,0.0974258359834948
vdss_lombardo,regression,cb_augmented,B_combined,111,0.23753724453662656,0.5855855855855856,0.022411610188458927
